{
  "meta": {
    "generated_at": "2026-02-24T14:48:43",
    "device_name": "Intel RealSense D435I",
    "serial": "153122076555"
  },
  "streams": {
    "ir1": {
      "stream": "infrared",
      "index": 1,
      "width": 848,
      "height": 480,
      "fps": 30,
      "format": "format.y8",
      "intrinsics": {
        "width": 848,
        "height": 480,
        "fx": 426.2991027832031,
        "fy": 426.2991027832031,
        "ppx": 430.15386962890625,
        "ppy": 233.6954345703125,
        "model": "brown_conrady",
        "coeffs": [
          0.0,
          0.0,
          0.0,
          0.0,
          0.0
        ]
      }
    },
    "ir2": {
      "stream": "infrared",
      "index": 2,
      "width": 848,
      "height": 480,
      "fps": 30,
      "format": "format.y8",
      "intrinsics": {
        "width": 848,
        "height": 480,
        "fx": 426.2991027832031,
        "fy": 426.2991027832031,
        "ppx": 430.15386962890625,
        "ppy": 233.6954345703125,
        "model": "brown_conrady",
        "coeffs": [
          0.0,
          0.0,
          0.0,
          0.0,
          0.0
        ]
      }
    },
    "rgb": {
      "stream": "color",
      "index": 0,
      "width": 640,
      "height": 480,
      "fps": 30,
      "format": "format.bgr8",
      "intrinsics": {
        "width": 640,
        "height": 480,
        "fx": 605.727783203125,
        "fy": 605.7379760742188,
        "ppx": 326.2068176269531,
        "ppy": 240.4141387939453,
        "model": "inverse_brown_conrady",
        "coeffs": [
          0.0,
          0.0,
          0.0,
          0.0,
          0.0
        ]
      }
    }
  },
  "extrinsics": {
    "ir1_to_ir2": {
      "R": [
        [
          1.0,
          0.0,
          0.0
        ],
        [
          0.0,
          1.0,
          0.0
        ],
        [
          0.0,
          0.0,
          1.0
        ]
      ],
      "t_m": [
        -0.05001775547862053,
        0.0,
        0.0
      ]
    },
    "ir2_to_ir1": {
      "R": [
        [
          1.0,
          0.0,
          0.0
        ],
        [
          0.0,
          1.0,
          0.0
        ],
        [
          0.0,
          0.0,
          1.0
        ]
      ],
      "t_m": [
        0.05001775547862053,
        0.0,
        0.0
      ]
    },
    "rgb_to_ir1": {
      "R": [
        [
          0.9998674392700195,
          0.014670691452920437,
          0.007064511068165302
        ],
        [
          -0.014686845242977142,
          0.999889612197876,
          0.0022402172908186913
        ],
        [
          -0.007030865643173456,
          -0.0023436755873262882,
          0.9999725222587585
        ]
      ],
      "t_m": [
        -0.015011643059551716,
        -0.0002059357357211411,
        -0.0005093499203212559
      ]
    },
    "ir1_to_rgb": {
      "R": [
        [
          0.9998674392700195,
          -0.014686845242977142,
          -0.007030865643173456
        ],
        [
          0.014670691452920437,
          0.999889612197876,
          -0.0023436755873262882
        ],
        [
          0.007064511068165302,
          0.0022402172908186913,
          0.9999725222587585
        ]
      ],
      "t_m": [
        0.01501627266407013,
        -1.3419620700005908e-05,
        0.00040330845513381064
      ]
    },
    "rgb_to_ir2": {
      "R": [
        [
          0.9998674392700195,
          0.014670691452920437,
          0.007064511068165302
        ],
        [
          -0.014686845242977142,
          0.999889612197876,
          0.0022402172908186913
        ],
        [
          -0.007030865643173456,
          -0.0023436755873262882,
          0.9999725222587585
        ]
      ],
      "t_m": [
        -0.06502939760684967,
        -0.0002059357357211411,
        -0.0005093499203212559
      ]
    },
    "ir2_to_rgb": {
      "R": [
        [
          0.9998674392700195,
          -0.014686845242977142,
          -0.007030865643173456
        ],
        [
          0.014670691452920437,
          0.999889612197876,
          -0.0023436755873262882
        ],
        [
          0.007064511068165302,
          0.0022402172908186913,
          0.9999725222587585
        ]
      ],
      "t_m": [
        0.0650274008512497,
        -0.0007480226340703666,
        5.1640323363244534e-05
      ]
    }
  },
  "notes": [
    "Extrinsics are factory calibration from RealSense.",
    "Rotation is 3x3 row-major, translation is meters.",
    "Use ir1_to_ir2 as your stereo baseline transform."
  ]
}